timestamp,latitude,longitude,rsrp,rsrq
2025-11-08 14:00:00,37.525932,127.119039,-102,-6
2025-11-08 14:00:01,37.525835,127.118969,-110,-11
2025-11-08 14:00:02,37.525737,127.118899,-83,-11
2025-11-08 14:00:03,37.52564,127.118829,-87,-8
2025-11-08 14:00:04,37.525542,127.118759,-91,-6
2025-11-08 14:00:05,37.525445,127.118689,-98,-11
2025-11-08 14:00:06,37.525347,127.118619,-106,-10
2025-11-08 14:00:07,37.52525,127.118549,-84,-12
2025-11-08 14:00:08,37.525152,127.118479,-96,-9
2025-11-08 14:00:09,37.525055,127.118409,-93,-10
2025-11-08 14:00:10,37.524957,127.118339,-103,-6
2025-11-08 14:00:11,37.52486,127.118269,-94,-11
2025-11-08 14:00:12,37.524762,127.118199,-107,-11
2025-11-08 14:00:13,37.524665,127.118129,-82,-9
2025-11-08 14:00:14,37.524568,127.11806,-80,-14
2025-11-08 14:00:15,37.52447,127.11799,-92,-6
2025-11-08 14:00:16,37.524373,127.11792,-107,-12
2025-11-08 14:00:17,37.524275,127.11785,-90,-7
2025-11-08 14:00:18,37.524178,127.11778,-81,-8
2025-11-08 14:00:19,37.52408,127.11771,-98,-6
2025-11-08 14:00:20,37.523983,127.11764,-96,-11
2025-11-08 14:00:21,37.523885,127.11757,-107,-7
2025-11-08 14:00:22,37.523788,127.1175,-109,-6
2025-11-08 14:00:23,37.52369,127.11743,-85,-8
2025-11-08 14:00:24,37.523593,127.11736,-92,-11
2025-11-08 14:00:25,37.523495,127.11729,-97,-13
2025-11-08 14:00:26,37.523398,127.11722,-81,-12
2025-11-08 14:00:27,37.523301,127.11715,-103,-7
2025-11-08 14:00:28,37.523203,127.11708,-104,-7
2025-11-08 14:00:29,37.523106,127.11701,-81,-14
2025-11-08 14:00:30,37.523008,127.11694,-96,-7
2025-11-08 14:00:31,37.522911,127.11687,-109,-10
2025-11-08 14:00:32,37.522813,127.1168,-110,-14
2025-11-08 14:00:33,37.522716,127.11673,-92,-8
2025-11-08 14:00:34,37.522618,127.11666,-106,-6
2025-11-08 14:00:35,37.522521,127.11659,-91,-11
2025-11-08 14:00:36,37.522423,127.11652,-86,-13
2025-11-08 14:00:37,37.522326,127.11645,-98,-6
2025-11-08 14:00:38,37.522228,127.11638,-87,-12
2025-11-08 14:00:39,37.522131,127.11631,-83,-6
2025-11-08 14:00:40,37.522033,127.116241,-84,-7
2025-11-08 14:00:41,37.521936,127.116171,-82,-7
2025-11-08 14:00:42,37.521839,127.116101,-83,-14
2025-11-08 14:00:43,37.521741,127.116031,-82,-14
2025-11-08 14:00:44,37.521644,127.115961,-82,-6
2025-11-08 14:00:45,37.521546,127.115891,-81,-6
2025-11-08 14:00:46,37.521449,127.115821,-92,-13
2025-11-08 14:00:47,37.521351,127.115751,-89,-7
2025-11-08 14:00:48,37.521254,127.115681,-80,-13
2025-11-08 14:00:49,37.521156,127.115611,-108,-10
2025-11-08 14:00:50,37.521059,127.115541,-96,-13
2025-11-08 14:00:51,37.520961,127.115471,-102,-6
2025-11-08 14:00:52,37.520864,127.115401,-80,-11
2025-11-08 14:00:53,37.520766,127.115331,-96,-14
2025-11-08 14:00:54,37.520669,127.115261,-82,-12
2025-11-08 14:00:55,37.520572,127.115191,-92,-8
2025-11-08 14:00:56,37.520474,127.115121,-103,-13
2025-11-08 14:00:57,37.520377,127.115051,-101,-10
2025-11-08 14:00:58,37.520279,127.114981,-95,-10
2025-11-08 14:00:59,37.520182,127.114911,-90,-7
2025-11-08 14:01:00,37.520084,127.114841,-91,-14
2025-11-08 14:01:01,37.519987,127.114771,-86,-14
2025-11-08 14:01:02,37.519889,127.114701,-100,-10
2025-11-08 14:01:03,37.519792,127.114631,-94,-6
2025-11-08 14:01:04,37.519694,127.114561,-94,-13
2025-11-08 14:01:05,37.519597,127.114491,-86,-7
2025-11-08 14:01:06,37.519499,127.114421,-91,-14
2025-11-08 14:01:07,37.519402,127.114352,-83,-11
2025-11-08 14:01:08,37.519305,127.114282,-82,-14
2025-11-08 14:01:09,37.519207,127.114212,-93,-11
2025-11-08 14:01:10,37.51911,127.114142,-95,-10
2025-11-08 14:01:11,37.519012,127.114072,-92,-10
2025-11-08 14:01:12,37.518915,127.114002,-100,-6
2025-11-08 14:01:13,37.518817,127.113932,-81,-13
2025-11-08 14:01:14,37.51872,127.113862,-94,-14
2025-11-08 14:01:15,37.518622,127.113792,-98,-14
2025-11-08 14:01:16,37.518525,127.113722,-107,-9
2025-11-08 14:01:17,37.518427,127.113652,-87,-13
2025-11-08 14:01:18,37.51833,127.113582,-80,-11
2025-11-08 14:01:19,37.518232,127.113512,-89,-8
2025-11-08 14:01:20,37.518135,127.113442,-80,-12
2025-11-08 14:01:21,37.518066,127.11362,-107,-7
2025-11-08 14:01:22,37.517998,127.113798,-80,-10
2025-11-08 14:01:23,37.517929,127.113976,-104,-10
2025-11-08 14:01:24,37.51786,127.114154,-92,-8
2025-11-08 14:01:25,37.517792,127.114332,-104,-12
2025-11-08 14:01:26,37.517723,127.114509,-110,-11
2025-11-08 14:01:27,37.517654,127.114687,-80,-10
2025-11-08 14:01:28,37.517586,127.114865,-110,-14
2025-11-08 14:01:29,37.517517,127.115043,-84,-13
2025-11-08 14:01:30,37.517449,127.115221,-101,-14
2025-11-08 14:01:31,37.51738,127.115399,-85,-6
2025-11-08 14:01:32,37.517311,127.115577,-84,-12
2025-11-08 14:01:33,37.517243,127.115755,-90,-13
2025-11-08 14:01:34,37.517174,127.115933,-104,-7
2025-11-08 14:01:35,37.517105,127.116111,-80,-6
2025-11-08 14:01:36,37.517037,127.116289,-82,-8
2025-11-08 14:01:37,37.516968,127.116467,-102,-8
2025-11-08 14:01:38,37.516899,127.116644,-107,-6
2025-11-08 14:01:39,37.516831,127.116822,-85,-13
2025-11-08 14:01:40,37.516762,127.117,-96,-14
2025-11-08 14:01:41,37.516693,127.117178,-83,-6
2025-11-08 14:01:42,37.516625,127.117356,-107,-11
2025-11-08 14:01:43,37.516556,127.117534,-83,-14
2025-11-08 14:01:44,37.516487,127.117712,-109,-7
2025-11-08 14:01:45,37.516419,127.11789,-93,-11
2025-11-08 14:01:46,37.51635,127.118068,-103,-14
2025-11-08 14:01:47,37.516281,127.118246,-92,-10
2025-11-08 14:01:48,37.516213,127.118424,-88,-11
2025-11-08 14:01:49,37.516144,127.118601,-83,-6
2025-11-08 14:01:50,37.516075,127.118779,-85,-6
2025-11-08 14:01:51,37.516007,127.118957,-97,-7
2025-11-08 14:01:52,37.515938,127.119135,-109,-8
2025-11-08 14:01:53,37.51587,127.119313,-86,-13
2025-11-08 14:01:54,37.515801,127.119491,-80,-10
2025-11-08 14:01:55,37.515732,127.119669,-105,-6
2025-11-08 14:01:56,37.515664,127.119847,-84,-8
2025-11-08 14:01:57,37.515595,127.120025,-88,-13
2025-11-08 14:01:58,37.515526,127.120203,-91,-7
2025-11-08 14:01:59,37.515458,127.120381,-93,-7
2025-11-08 14:02:00,37.515389,127.120559,-80,-12
2025-11-08 14:02:01,37.51532,127.120736,-92,-12
2025-11-08 14:02:02,37.515252,127.120914,-107,-12
2025-11-08 14:02:03,37.515183,127.121092,-109,-14
2025-11-08 14:02:04,37.515114,127.12127,-80,-9
2025-11-08 14:02:05,37.515046,127.121448,-83,-14
2025-11-08 14:02:06,37.514977,127.121626,-88,-10
2025-11-08 14:02:07,37.514908,127.121804,-104,-11
2025-11-08 14:02:08,37.51484,127.121982,-87,-11
2025-11-08 14:02:09,37.514771,127.12216,-98,-7
2025-11-08 14:02:10,37.514702,127.122338,-83,-6
2025-11-08 14:02:11,37.514634,127.122516,-95,-8
2025-11-08 14:02:12,37.514565,127.122693,-99,-10
2025-11-08 14:02:13,37.514497,127.122871,-94,-7
2025-11-08 14:02:14,37.514428,127.123049,-95,-11
2025-11-08 14:02:15,37.514359,127.123227,-96,-14
2025-11-08 14:02:16,37.514291,127.123405,-108,-13
2025-11-08 14:02:17,37.514222,127.123583,-97,-9
2025-11-08 14:02:18,37.514153,127.123761,-97,-9
2025-11-08 14:02:19,37.514085,127.123939,-85,-11
2025-11-08 14:02:20,37.514016,127.124117,-90,-14
2025-11-08 14:02:21,37.513947,127.124295,-92,-11
2025-11-08 14:02:22,37.513879,127.124473,-108,-10
2025-11-08 14:02:23,37.51381,127.12465,-83,-9
2025-11-08 14:02:24,37.513741,127.124828,-91,-12
2025-11-08 14:02:25,37.513673,127.125006,-98,-8
2025-11-08 14:02:26,37.513604,127.125184,-87,-9
2025-11-08 14:02:27,37.513535,127.125362,-98,-11
2025-11-08 14:02:28,37.513467,127.12554,-88,-9
2025-11-08 14:02:29,37.513398,127.125718,-103,-6
2025-11-08 14:02:30,37.513329,127.125896,-109,-9
2025-11-08 14:02:31,37.513261,127.126074,-92,-8
2025-11-08 14:02:32,37.513192,127.126252,-80,-13
2025-11-08 14:02:33,37.513124,127.12643,-93,-12
2025-11-08 14:02:34,37.513055,127.126608,-84,-12
2025-11-08 14:02:35,37.512986,127.126785,-101,-11
2025-11-08 14:02:36,37.512918,127.126963,-84,-9
2025-11-08 14:02:37,37.512849,127.127141,-96,-6
2025-11-08 14:02:38,37.51278,127.127319,-93,-13
2025-11-08 14:02:39,37.512712,127.127497,-88,-9
2025-11-08 14:02:40,37.512643,127.127675,-84,-13
2025-11-08 14:02:41,37.5127,127.127719,-86,-13
2025-11-08 14:02:42,37.512758,127.127764,-101,-6
2025-11-08 14:02:43,37.512815,127.127808,-91,-6
2025-11-08 14:02:44,37.512873,127.127853,-110,-9
2025-11-08 14:02:45,37.51293,127.127897,-98,-12
2025-11-08 14:02:46,37.512988,127.127942,-95,-9
2025-11-08 14:02:47,37.513045,127.127986,-89,-7
2025-11-08 14:02:48,37.513103,127.12803,-110,-8
2025-11-08 14:02:49,37.51316,127.128075,-85,-11
2025-11-08 14:02:50,37.513218,127.128119,-90,-10
2025-11-08 14:02:51,37.513275,127.128164,-99,-12
2025-11-08 14:02:52,37.513333,127.128208,-81,-9
2025-11-08 14:02:53,37.51339,127.128253,-106,-13
2025-11-08 14:02:54,37.513448,127.128297,-96,-6
2025-11-08 14:02:55,37.513505,127.128341,-88,-6
2025-11-08 14:02:56,37.513563,127.128386,-81,-14
2025-11-08 14:02:57,37.51362,127.12843,-103,-6
2025-11-08 14:02:58,37.513678,127.128475,-95,-8
2025-11-08 14:02:59,37.513735,127.128519,-106,-9
2025-11-08 14:03:00,37.513793,127.128563,-99,-7
2025-11-08 14:03:01,37.51385,127.128608,-85,-8
2025-11-08 14:03:02,37.513908,127.128652,-92,-7
2025-11-08 14:03:03,37.513965,127.128697,-90,-13
2025-11-08 14:03:04,37.514023,127.128741,-86,-6
2025-11-08 14:03:05,37.51408,127.128786,-94,-12
2025-11-08 14:03:06,37.514138,127.12883,-83,-10
2025-11-08 14:03:07,37.514195,127.128874,-99,-8
2025-11-08 14:03:08,37.514253,127.128919,-104,-13
2025-11-08 14:03:09,37.51431,127.128963,-91,-9
2025-11-08 14:03:10,37.514368,127.129008,-110,-13
2025-11-08 14:03:11,37.514425,127.129052,-97,-9
2025-11-08 14:03:12,37.514483,127.129097,-81,-12
2025-11-08 14:03:13,37.51454,127.129141,-81,-14
2025-11-08 14:03:14,37.514598,127.129185,-97,-10
2025-11-08 14:03:15,37.514655,127.12923,-104,-7
2025-11-08 14:03:16,37.514713,127.129274,-88,-8
2025-11-08 14:03:17,37.51477,127.129319,-95,-8
2025-11-08 14:03:18,37.514828,127.129363,-108,-6
2025-11-08 14:03:19,37.514885,127.129408,-96,-6
2025-11-08 14:03:20,37.514943,127.129452,-110,-13
2025-11-08 14:03:21,37.515,127.129496,-108,-10
2025-11-08 14:03:22,37.515057,127.129541,-105,-11
2025-11-08 14:03:23,37.515115,127.129585,-110,-13
2025-11-08 14:03:24,37.515172,127.12963,-103,-10
2025-11-08 14:03:25,37.51523,127.129674,-103,-11
2025-11-08 14:03:26,37.515287,127.129719,-105,-8
2025-11-08 14:03:27,37.515345,127.129763,-87,-10
2025-11-08 14:03:28,37.515402,127.129807,-81,-7
2025-11-08 14:03:29,37.51546,127.129852,-102,-14
2025-11-08 14:03:30,37.515517,127.129896,-87,-9
2025-11-08 14:03:31,37.515575,127.129941,-87,-12
2025-11-08 14:03:32,37.515632,127.129985,-81,-8
2025-11-08 14:03:33,37.51569,127.13003,-84,-9
2025-11-08 14:03:34,37.515747,127.130074,-104,-8
2025-11-08 14:03:35,37.515805,127.130118,-107,-14
2025-11-08 14:03:36,37.515862,127.130163,-91,-13
2025-11-08 14:03:37,37.51592,127.130207,-86,-6
2025-11-08 14:03:38,37.515977,127.130252,-108,-14
2025-11-08 14:03:39,37.516035,127.130296,-81,-12
2025-11-08 14:03:40,37.516092,127.130341,-93,-13
2025-11-08 14:03:41,37.51615,127.130385,-83,-9
2025-11-08 14:03:42,37.516207,127.130429,-96,-7
2025-11-08 14:03:43,37.516265,127.130474,-95,-7
2025-11-08 14:03:44,37.516322,127.130518,-108,-11
2025-11-08 14:03:45,37.51638,127.130563,-80,-9
2025-11-08 14:03:46,37.516437,127.130607,-105,-10
2025-11-08 14:03:47,37.516495,127.130651,-104,-6
2025-11-08 14:03:48,37.516552,127.130696,-96,-9
2025-11-08 14:03:49,37.51661,127.13074,-110,-14
2025-11-08 14:03:50,37.516667,127.130785,-91,-7
2025-11-08 14:03:51,37.516725,127.130829,-89,-9
2025-11-08 14:03:52,37.516782,127.130874,-102,-7
2025-11-08 14:03:53,37.51684,127.130918,-89,-13
2025-11-08 14:03:54,37.516897,127.130962,-109,-7
2025-11-08 14:03:55,37.516955,127.131007,-95,-8
2025-11-08 14:03:56,37.517012,127.131051,-89,-6
2025-11-08 14:03:57,37.51707,127.131096,-80,-10
2025-11-08 14:03:58,37.517127,127.13114,-109,-7
2025-11-08 14:03:59,37.517185,127.131185,-80,-11
2025-11-08 14:04:00,37.517242,127.131229,-95,-12
2025-11-08 14:04:01,37.517253,127.131207,-99,-6
2025-11-08 14:04:02,37.517264,127.131184,-98,-10
2025-11-08 14:04:03,37.517275,127.131162,-100,-8
2025-11-08 14:04:04,37.517286,127.131139,-80,-9
2025-11-08 14:04:05,37.517297,127.131117,-106,-10
2025-11-08 14:04:06,37.517308,127.131094,-97,-11
2025-11-08 14:04:07,37.517318,127.131072,-96,-14
2025-11-08 14:04:08,37.517329,127.13105,-95,-12
2025-11-08 14:04:09,37.51734,127.131027,-82,-12
2025-11-08 14:04:10,37.517351,127.131005,-93,-11
2025-11-08 14:04:11,37.517362,127.130982,-91,-14
2025-11-08 14:04:12,37.517373,127.13096,-82,-8
2025-11-08 14:04:13,37.517384,127.130937,-101,-8
2025-11-08 14:04:14,37.517395,127.130915,-94,-14
2025-11-08 14:04:15,37.517406,127.130892,-108,-6
2025-11-08 14:04:16,37.517417,127.13087,-97,-10
2025-11-08 14:04:17,37.517428,127.130848,-82,-14
2025-11-08 14:04:18,37.517439,127.130825,-91,-8
2025-11-08 14:04:19,37.51745,127.130803,-88,-14
2025-11-08 14:04:20,37.51746,127.13078,-95,-13
2025-11-08 14:04:21,37.517471,127.130758,-101,-6
2025-11-08 14:04:22,37.517482,127.130735,-107,-12
2025-11-08 14:04:23,37.517493,127.130713,-107,-7
2025-11-08 14:04:24,37.517504,127.130691,-81,-10
2025-11-08 14:04:25,37.517515,127.130668,-94,-9
2025-11-08 14:04:26,37.517526,127.130646,-105,-9
2025-11-08 14:04:27,37.517537,127.130623,-95,-9
2025-11-08 14:04:28,37.517548,127.130601,-101,-11
2025-11-08 14:04:29,37.517559,127.130578,-89,-13
2025-11-08 14:04:30,37.51757,127.130556,-107,-6
2025-11-08 14:04:31,37.517581,127.130533,-85,-7
2025-11-08 14:04:32,37.517592,127.130511,-94,-11
2025-11-08 14:04:33,37.517603,127.130489,-97,-8
2025-11-08 14:04:34,37.517613,127.130466,-103,-7
2025-11-08 14:04:35,37.517624,127.130444,-91,-10
2025-11-08 14:04:36,37.517635,127.130421,-92,-9
2025-11-08 14:04:37,37.517646,127.130399,-97,-12
2025-11-08 14:04:38,37.517657,127.130376,-91,-6
2025-11-08 14:04:39,37.517668,127.130354,-84,-9
2025-11-08 14:04:40,37.517679,127.130332,-84,-6
2025-11-08 14:04:41,37.51769,127.130309,-84,-13
2025-11-08 14:04:42,37.517701,127.130287,-91,-14
2025-11-08 14:04:43,37.517712,127.130264,-100,-6
2025-11-08 14:04:44,37.517723,127.130242,-84,-9
2025-11-08 14:04:45,37.517734,127.130219,-96,-9
2025-11-08 14:04:46,37.517745,127.130197,-87,-10
2025-11-08 14:04:47,37.517755,127.130174,-90,-7
2025-11-08 14:04:48,37.517766,127.130152,-97,-11
2025-11-08 14:04:49,37.517777,127.13013,-80,-11
2025-11-08 14:04:50,37.517788,127.130107,-80,-9
2025-11-08 14:04:51,37.517799,127.130085,-106,-9
2025-11-08 14:04:52,37.51781,127.130062,-82,-14
2025-11-08 14:04:53,37.517821,127.13004,-88,-9
2025-11-08 14:04:54,37.517832,127.130017,-88,-14
2025-11-08 14:04:55,37.517843,127.129995,-101,-7
2025-11-08 14:04:56,37.517854,127.129973,-104,-11
2025-11-08 14:04:57,37.517865,127.12995,-97,-7
2025-11-08 14:04:58,37.517876,127.129928,-106,-10
2025-11-08 14:04:59,37.517887,127.129905,-89,-12
2025-11-08 14:05:00,37.517898,127.129883,-96,-12
2025-11-08 14:05:01,37.517908,127.12986,-99,-8
2025-11-08 14:05:02,37.517919,127.129838,-94,-14
2025-11-08 14:05:03,37.51793,127.129815,-88,-12
2025-11-08 14:05:04,37.517941,127.129793,-88,-6
2025-11-08 14:05:05,37.517952,127.129771,-89,-14
2025-11-08 14:05:06,37.517963,127.129748,-107,-9
2025-11-08 14:05:07,37.517974,127.129726,-91,-14
2025-11-08 14:05:08,37.517985,127.129703,-108,-8
2025-11-08 14:05:09,37.517996,127.129681,-99,-11
2025-11-08 14:05:10,37.518007,127.129658,-105,-9
2025-11-08 14:05:11,37.518018,127.129636,-106,-7
2025-11-08 14:05:12,37.518029,127.129614,-80,-7
2025-11-08 14:05:13,37.51804,127.129591,-102,-7
2025-11-08 14:05:14,37.51805,127.129569,-98,-8
2025-11-08 14:05:15,37.518061,127.129546,-95,-7
2025-11-08 14:05:16,37.518072,127.129524,-106,-14
2025-11-08 14:05:17,37.518083,127.129501,-81,-7
2025-11-08 14:05:18,37.518094,127.129479,-91,-9
2025-11-08 14:05:19,37.518105,127.129456,-91,-13
2025-11-08 14:05:20,37.518116,127.129434,-84,-12
2025-11-08 14:05:21,37.51814,127.129428,-82,-6
2025-11-08 14:05:22,37.518165,127.129423,-108,-8
2025-11-08 14:05:23,37.518189,127.129417,-83,-10
2025-11-08 14:05:24,37.518214,127.129411,-107,-9
2025-11-08 14:05:25,37.518238,127.129406,-89,-12
2025-11-08 14:05:26,37.518262,127.1294,-106,-12
2025-11-08 14:05:27,37.518287,127.129394,-109,-13
2025-11-08 14:05:28,37.518311,127.129389,-108,-8
2025-11-08 14:05:29,37.518336,127.129383,-92,-12
2025-11-08 14:05:30,37.51836,127.129377,-85,-6
2025-11-08 14:05:31,37.518384,127.129371,-86,-12
2025-11-08 14:05:32,37.518409,127.129366,-96,-6
2025-11-08 14:05:33,37.518433,127.12936,-107,-13
2025-11-08 14:05:34,37.518458,127.129354,-94,-7
2025-11-08 14:05:35,37.518482,127.129349,-94,-12
2025-11-08 14:05:36,37.518506,127.129343,-88,-9
2025-11-08 14:05:37,37.518531,127.129337,-103,-9
2025-11-08 14:05:38,37.518555,127.129332,-83,-13
2025-11-08 14:05:39,37.51858,127.129326,-109,-11
2025-11-08 14:05:40,37.518604,127.12932,-96,-10
2025-11-08 14:05:41,37.518628,127.129315,-107,-7
2025-11-08 14:05:42,37.518653,127.129309,-84,-6
2025-11-08 14:05:43,37.518677,127.129303,-81,-13
2025-11-08 14:05:44,37.518702,127.129298,-85,-13
2025-11-08 14:05:45,37.518726,127.129292,-91,-14
2025-11-08 14:05:46,37.51875,127.129286,-82,-11
2025-11-08 14:05:47,37.518775,127.12928,-80,-10
2025-11-08 14:05:48,37.518799,127.129275,-101,-12
2025-11-08 14:05:49,37.518824,127.129269,-96,-8
2025-11-08 14:05:50,37.518848,127.129263,-98,-14
2025-11-08 14:05:51,37.518872,127.129258,-83,-11
2025-11-08 14:05:52,37.518897,127.129252,-88,-9
2025-11-08 14:05:53,37.518921,127.129246,-102,-11
2025-11-08 14:05:54,37.518946,127.129241,-108,-10
2025-11-08 14:05:55,37.51897,127.129235,-106,-9
2025-11-08 14:05:56,37.518994,127.129229,-89,-13
2025-11-08 14:05:57,37.519019,127.129224,-95,-12
2025-11-08 14:05:58,37.519043,127.129218,-83,-6
2025-11-08 14:05:59,37.519068,127.129212,-103,-8
2025-11-08 14:06:00,37.519092,127.129207,-80,-6
2025-11-08 14:06:01,37.519116,127.129201,-97,-6
2025-11-08 14:06:02,37.519141,127.129195,-104,-8
2025-11-08 14:06:03,37.519165,127.129189,-96,-7
2025-11-08 14:06:04,37.51919,127.129184,-95,-14
2025-11-08 14:06:05,37.519214,127.129178,-103,-10
2025-11-08 14:06:06,37.519238,127.129172,-93,-10
2025-11-08 14:06:07,37.519263,127.129167,-89,-12
2025-11-08 14:06:08,37.519287,127.129161,-101,-12
2025-11-08 14:06:09,37.519312,127.129155,-87,-10
2025-11-08 14:06:10,37.519336,127.12915,-102,-10
2025-11-08 14:06:11,37.51936,127.129144,-90,-14
2025-11-08 14:06:12,37.519385,127.129138,-97,-6
2025-11-08 14:06:13,37.519409,127.129133,-100,-12
2025-11-08 14:06:14,37.519434,127.129127,-102,-9
2025-11-08 14:06:15,37.519458,127.129121,-105,-14
2025-11-08 14:06:16,37.519482,127.129115,-92,-6
2025-11-08 14:06:17,37.519507,127.12911,-82,-7
2025-11-08 14:06:18,37.519531,127.129104,-101,-7
2025-11-08 14:06:19,37.519556,127.129098,-104,-7
2025-11-08 14:06:20,37.51958,127.129093,-100,-12
2025-11-08 14:06:21,37.519604,127.129087,-91,-6
2025-11-08 14:06:22,37.519629,127.129081,-106,-11
2025-11-08 14:06:23,37.519653,127.129076,-90,-13
2025-11-08 14:06:24,37.519678,127.12907,-108,-10
2025-11-08 14:06:25,37.519702,127.129064,-87,-13
2025-11-08 14:06:26,37.519726,127.129059,-80,-13
2025-11-08 14:06:27,37.519751,127.129053,-100,-9
2025-11-08 14:06:28,37.519775,127.129047,-108,-6
2025-11-08 14:06:29,37.5198,127.129042,-90,-6
2025-11-08 14:06:30,37.519824,127.129036,-90,-7
2025-11-08 14:06:31,37.519848,127.12903,-89,-9
2025-11-08 14:06:32,37.519873,127.129024,-110,-14
2025-11-08 14:06:33,37.519897,127.129019,-83,-7
2025-11-08 14:06:34,37.519922,127.129013,-107,-11
2025-11-08 14:06:35,37.519946,127.129007,-85,-11
2025-11-08 14:06:36,37.51997,127.129002,-103,-13
2025-11-08 14:06:37,37.519995,127.128996,-100,-7
2025-11-08 14:06:38,37.520019,127.12899,-93,-6
2025-11-08 14:06:39,37.520044,127.128985,-101,-7
2025-11-08 14:06:40,37.520068,127.128979,-84,-14
2025-11-08 14:06:41,37.520097,127.128964,-89,-12
2025-11-08 14:06:42,37.520126,127.128949,-91,-13
2025-11-08 14:06:43,37.520155,127.128934,-105,-9
2025-11-08 14:06:44,37.520184,127.128919,-99,-11
2025-11-08 14:06:45,37.520213,127.128904,-90,-7
2025-11-08 14:06:46,37.520242,127.128889,-97,-11
2025-11-08 14:06:47,37.520271,127.128873,-94,-12
2025-11-08 14:06:48,37.5203,127.128858,-83,-14
2025-11-08 14:06:49,37.520329,127.128843,-108,-6
2025-11-08 14:06:50,37.520358,127.128828,-84,-10
2025-11-08 14:06:51,37.520387,127.128813,-80,-10
2025-11-08 14:06:52,37.520416,127.128798,-97,-14
2025-11-08 14:06:53,37.520445,127.128783,-107,-9
2025-11-08 14:06:54,37.520475,127.128768,-102,-10
2025-11-08 14:06:55,37.520504,127.128753,-83,-6
2025-11-08 14:06:56,37.520533,127.128738,-95,-7
2025-11-08 14:06:57,37.520562,127.128723,-96,-12
2025-11-08 14:06:58,37.520591,127.128708,-101,-9
2025-11-08 14:06:59,37.52062,127.128693,-80,-7
2025-11-08 14:07:00,37.520649,127.128678,-80,-9
2025-11-08 14:07:01,37.520678,127.128662,-88,-11
2025-11-08 14:07:02,37.520707,127.128647,-103,-14
2025-11-08 14:07:03,37.520736,127.128632,-83,-8
2025-11-08 14:07:04,37.520765,127.128617,-84,-6
2025-11-08 14:07:05,37.520794,127.128602,-103,-9
2025-11-08 14:07:06,37.520823,127.128587,-96,-9
2025-11-08 14:07:07,37.520852,127.128572,-95,-11
2025-11-08 14:07:08,37.520881,127.128557,-98,-14
2025-11-08 14:07:09,37.52091,127.128542,-82,-12
2025-11-08 14:07:10,37.520939,127.128527,-103,-13
2025-11-08 14:07:11,37.520968,127.128512,-94,-7
2025-11-08 14:07:12,37.520997,127.128497,-80,-8
2025-11-08 14:07:13,37.521026,127.128482,-84,-14
2025-11-08 14:07:14,37.521055,127.128466,-85,-14
2025-11-08 14:07:15,37.521084,127.128451,-99,-6
2025-11-08 14:07:16,37.521113,127.128436,-81,-13
2025-11-08 14:07:17,37.521142,127.128421,-99,-7
2025-11-08 14:07:18,37.521171,127.128406,-94,-12
2025-11-08 14:07:19,37.5212,127.128391,-94,-14
2025-11-08 14:07:20,37.52123,127.128376,-90,-13
2025-11-08 14:07:21,37.521259,127.128361,-80,-11
2025-11-08 14:07:22,37.521288,127.128346,-95,-10
2025-11-08 14:07:23,37.521317,127.128331,-89,-10
2025-11-08 14:07:24,37.521346,127.128316,-106,-11
2025-11-08 14:07:25,37.521375,127.128301,-101,-8
2025-11-08 14:07:26,37.521404,127.128286,-89,-6
2025-11-08 14:07:27,37.521433,127.12827,-90,-6
2025-11-08 14:07:28,37.521462,127.128255,-80,-6
2025-11-08 14:07:29,37.521491,127.12824,-100,-14
2025-11-08 14:07:30,37.52152,127.128225,-93,-10
2025-11-08 14:07:31,37.521549,127.12821,-103,-6
2025-11-08 14:07:32,37.521578,127.128195,-88,-8
2025-11-08 14:07:33,37.521607,127.12818,-80,-12
2025-11-08 14:07:34,37.521636,127.128165,-101,-7
2025-11-08 14:07:35,37.521665,127.12815,-102,-6
2025-11-08 14:07:36,37.521694,127.128135,-80,-14
2025-11-08 14:07:37,37.521723,127.12812,-80,-7
2025-11-08 14:07:38,37.521752,127.128105,-92,-12
2025-11-08 14:07:39,37.521781,127.12809,-81,-12
2025-11-08 14:07:40,37.52181,127.128074,-106,-6
2025-11-08 14:07:41,37.521839,127.128059,-97,-8
2025-11-08 14:07:42,37.521868,127.128044,-96,-7
2025-11-08 14:07:43,37.521897,127.128029,-90,-10
2025-11-08 14:07:44,37.521926,127.128014,-101,-8
2025-11-08 14:07:45,37.521955,127.127999,-102,-10
2025-11-08 14:07:46,37.521984,127.127984,-97,-11
2025-11-08 14:07:47,37.522014,127.127969,-86,-10
2025-11-08 14:07:48,37.522043,127.127954,-103,-12
2025-11-08 14:07:49,37.522072,127.127939,-107,-9
2025-11-08 14:07:50,37.522101,127.127924,-85,-10
2025-11-08 14:07:51,37.52213,127.127909,-87,-8
2025-11-08 14:07:52,37.522159,127.127894,-103,-6
2025-11-08 14:07:53,37.522188,127.127879,-89,-6
2025-11-08 14:07:54,37.522217,127.127863,-89,-9
2025-11-08 14:07:55,37.522246,127.127848,-92,-14
2025-11-08 14:07:56,37.522275,127.127833,-86,-9
2025-11-08 14:07:57,37.522304,127.127818,-86,-10
2025-11-08 14:07:58,37.522333,127.127803,-83,-14
2025-11-08 14:07:59,37.522362,127.127788,-98,-13
2025-11-08 14:08:00,37.522391,127.127773,-89,-14
2025-11-08 14:08:01,37.522399,127.127768,-85,-10
2025-11-08 14:08:02,37.522407,127.127764,-106,-12
2025-11-08 14:08:03,37.522414,127.127759,-90,-6
2025-11-08 14:08:04,37.522422,127.127754,-97,-9
2025-11-08 14:08:05,37.52243,127.12775,-100,-9
2025-11-08 14:08:06,37.522438,127.127745,-100,-12
2025-11-08 14:08:07,37.522446,127.12774,-96,-12
2025-11-08 14:08:08,37.522454,127.127736,-80,-8
2025-11-08 14:08:09,37.522461,127.127731,-105,-8
2025-11-08 14:08:10,37.522469,127.127726,-80,-14
2025-11-08 14:08:11,37.522477,127.127721,-91,-11
2025-11-08 14:08:12,37.522485,127.127717,-82,-12
2025-11-08 14:08:13,37.522493,127.127712,-83,-13
2025-11-08 14:08:14,37.522501,127.127707,-91,-7
2025-11-08 14:08:15,37.522508,127.127703,-87,-12
2025-11-08 14:08:16,37.522516,127.127698,-98,-10
2025-11-08 14:08:17,37.522524,127.127693,-103,-11
2025-11-08 14:08:18,37.522532,127.127689,-81,-12
2025-11-08 14:08:19,37.52254,127.127684,-92,-9
2025-11-08 14:08:20,37.522548,127.127679,-92,-7
2025-11-08 14:08:21,37.522555,127.127675,-107,-13
2025-11-08 14:08:22,37.522563,127.12767,-109,-8
2025-11-08 14:08:23,37.522571,127.127665,-84,-11
2025-11-08 14:08:24,37.522579,127.127661,-102,-9
2025-11-08 14:08:25,37.522587,127.127656,-101,-6
2025-11-08 14:08:26,37.522594,127.127651,-91,-12
2025-11-08 14:08:27,37.522602,127.127646,-106,-11
2025-11-08 14:08:28,37.52261,127.127642,-106,-11
2025-11-08 14:08:29,37.522618,127.127637,-87,-13
2025-11-08 14:08:30,37.522626,127.127632,-96,-14
2025-11-08 14:08:31,37.522634,127.127628,-110,-8
2025-11-08 14:08:32,37.522641,127.127623,-95,-6
2025-11-08 14:08:33,37.522649,127.127618,-103,-9
2025-11-08 14:08:34,37.522657,127.127614,-110,-9
2025-11-08 14:08:35,37.522665,127.127609,-101,-8
2025-11-08 14:08:36,37.522673,127.127604,-98,-8
2025-11-08 14:08:37,37.522681,127.1276,-106,-12
2025-11-08 14:08:38,37.522688,127.127595,-106,-14
2025-11-08 14:08:39,37.522696,127.12759,-89,-13
2025-11-08 14:08:40,37.522704,127.127586,-84,-7
2025-11-08 14:08:41,37.522712,127.127581,-109,-7
2025-11-08 14:08:42,37.52272,127.127576,-107,-13
2025-11-08 14:08:43,37.522727,127.127571,-88,-8
2025-11-08 14:08:44,37.522735,127.127567,-105,-9
2025-11-08 14:08:45,37.522743,127.127562,-108,-10
2025-11-08 14:08:46,37.522751,127.127557,-80,-14
2025-11-08 14:08:47,37.522759,127.127553,-82,-11
2025-11-08 14:08:48,37.522767,127.127548,-80,-8
2025-11-08 14:08:49,37.522774,127.127543,-94,-11
2025-11-08 14:08:50,37.522782,127.127539,-83,-7
2025-11-08 14:08:51,37.52279,127.127534,-84,-7
2025-11-08 14:08:52,37.522798,127.127529,-82,-14
2025-11-08 14:08:53,37.522806,127.127525,-102,-12
2025-11-08 14:08:54,37.522814,127.12752,-88,-10
2025-11-08 14:08:55,37.522821,127.127515,-100,-9
2025-11-08 14:08:56,37.522829,127.12751,-87,-9
2025-11-08 14:08:57,37.522837,127.127506,-84,-6
2025-11-08 14:08:58,37.522845,127.127501,-97,-10
2025-11-08 14:08:59,37.522853,127.127496,-84,-14
2025-11-08 14:09:00,37.522861,127.127492,-87,-12
2025-11-08 14:09:01,37.522868,127.127487,-94,-8
2025-11-08 14:09:02,37.522876,127.127482,-105,-7
2025-11-08 14:09:03,37.522884,127.127478,-105,-10
2025-11-08 14:09:04,37.522892,127.127473,-96,-14
2025-11-08 14:09:05,37.5229,127.127468,-104,-11
2025-11-08 14:09:06,37.522907,127.127464,-102,-14
2025-11-08 14:09:07,37.522915,127.127459,-90,-14
2025-11-08 14:09:08,37.522923,127.127454,-87,-6
2025-11-08 14:09:09,37.522931,127.12745,-107,-14
2025-11-08 14:09:10,37.522939,127.127445,-81,-7
2025-11-08 14:09:11,37.522947,127.12744,-107,-11
2025-11-08 14:09:12,37.522954,127.127436,-106,-10
2025-11-08 14:09:13,37.522962,127.127431,-91,-10
2025-11-08 14:09:14,37.52297,127.127426,-88,-13
2025-11-08 14:09:15,37.522978,127.127421,-82,-13
2025-11-08 14:09:16,37.522986,127.127417,-105,-7
2025-11-08 14:09:17,37.522994,127.127412,-100,-8
2025-11-08 14:09:18,37.523001,127.127407,-83,-14
2025-11-08 14:09:19,37.523009,127.127403,-109,-7
2025-11-08 14:09:20,37.523017,127.127398,-82,-8
2025-11-08 14:09:21,37.523026,127.127402,-91,-13
2025-11-08 14:09:22,37.523035,127.127406,-107,-12
2025-11-08 14:09:23,37.523044,127.12741,-102,-14
2025-11-08 14:09:24,37.523052,127.127414,-110,-12
2025-11-08 14:09:25,37.523061,127.127418,-105,-8
2025-11-08 14:09:26,37.52307,127.127422,-90,-13
2025-11-08 14:09:27,37.523079,127.127426,-96,-14
2025-11-08 14:09:28,37.523088,127.12743,-83,-14
2025-11-08 14:09:29,37.523097,127.127434,-85,-12
2025-11-08 14:09:30,37.523105,127.127438,-103,-10
2025-11-08 14:09:31,37.523114,127.127443,-98,-10
2025-11-08 14:09:32,37.523123,127.127447,-80,-10
2025-11-08 14:09:33,37.523132,127.127451,-101,-14
2025-11-08 14:09:34,37.523141,127.127455,-88,-8
2025-11-08 14:09:35,37.52315,127.127459,-88,-10
2025-11-08 14:09:36,37.523158,127.127463,-86,-7
2025-11-08 14:09:37,37.523167,127.127467,-83,-11
2025-11-08 14:09:38,37.523176,127.127471,-100,-9
2025-11-08 14:09:39,37.523185,127.127475,-94,-7
2025-11-08 14:09:40,37.523194,127.127479,-81,-8
2025-11-08 14:09:41,37.523203,127.127483,-88,-7
2025-11-08 14:09:42,37.523211,127.127487,-93,-14
2025-11-08 14:09:43,37.52322,127.127491,-98,-7
2025-11-08 14:09:44,37.523229,127.127495,-95,-14
2025-11-08 14:09:45,37.523238,127.127499,-100,-9
2025-11-08 14:09:46,37.523247,127.127503,-86,-8
2025-11-08 14:09:47,37.523256,127.127507,-99,-9
2025-11-08 14:09:48,37.523264,127.127511,-99,-8
2025-11-08 14:09:49,37.523273,127.127515,-104,-11
2025-11-08 14:09:50,37.523282,127.12752,-90,-13
2025-11-08 14:09:51,37.523291,127.127524,-103,-11
2025-11-08 14:09:52,37.5233,127.127528,-84,-7
2025-11-08 14:09:53,37.523309,127.127532,-90,-9
2025-11-08 14:09:54,37.523317,127.127536,-91,-7
2025-11-08 14:09:55,37.523326,127.12754,-92,-11
2025-11-08 14:09:56,37.523335,127.127544,-87,-9
2025-11-08 14:09:57,37.523344,127.127548,-110,-11
2025-11-08 14:09:58,37.523353,127.127552,-81,-8
2025-11-08 14:09:59,37.523362,127.127556,-100,-8
2025-11-08 14:10:00,37.52337,127.12756,-108,-6
2025-11-08 14:10:01,37.523379,127.127564,-101,-11
2025-11-08 14:10:02,37.523388,127.127568,-110,-9
2025-11-08 14:10:03,37.523397,127.127572,-88,-7
2025-11-08 14:10:04,37.523406,127.127576,-104,-6
2025-11-08 14:10:05,37.523415,127.12758,-104,-6
2025-11-08 14:10:06,37.523424,127.127584,-87,-9
2025-11-08 14:10:07,37.523432,127.127588,-87,-11
2025-11-08 14:10:08,37.523441,127.127592,-88,-6
2025-11-08 14:10:09,37.52345,127.127596,-99,-8
2025-11-08 14:10:10,37.523459,127.1276,-97,-11
2025-11-08 14:10:11,37.523468,127.127605,-86,-7
2025-11-08 14:10:12,37.523477,127.127609,-85,-7
2025-11-08 14:10:13,37.523485,127.127613,-88,-6
2025-11-08 14:10:14,37.523494,127.127617,-107,-12
2025-11-08 14:10:15,37.523503,127.127621,-83,-13
2025-11-08 14:10:16,37.523512,127.127625,-104,-11
2025-11-08 14:10:17,37.523521,127.127629,-85,-9
2025-11-08 14:10:18,37.52353,127.127633,-110,-10
2025-11-08 14:10:19,37.523538,127.127637,-89,-8
2025-11-08 14:10:20,37.523547,127.127641,-105,-9
2025-11-08 14:10:21,37.523556,127.127645,-80,-6
2025-11-08 14:10:22,37.523565,127.127649,-92,-11
2025-11-08 14:10:23,37.523574,127.127653,-86,-9
2025-11-08 14:10:24,37.523583,127.127657,-102,-12
2025-11-08 14:10:25,37.523591,127.127661,-87,-9
2025-11-08 14:10:26,37.5236,127.127665,-102,-6
2025-11-08 14:10:27,37.523609,127.127669,-106,-9
2025-11-08 14:10:28,37.523618,127.127673,-92,-6
2025-11-08 14:10:29,37.523627,127.127677,-82,-9
2025-11-08 14:10:30,37.523636,127.127682,-84,-9
2025-11-08 14:10:31,37.523644,127.127686,-83,-9
2025-11-08 14:10:32,37.523653,127.12769,-86,-14
2025-11-08 14:10:33,37.523662,127.127694,-94,-13
2025-11-08 14:10:34,37.523671,127.127698,-82,-9
2025-11-08 14:10:35,37.52368,127.127702,-104,-6
2025-11-08 14:10:36,37.523689,127.127706,-86,-6
2025-11-08 14:10:37,37.523697,127.12771,-82,-7
2025-11-08 14:10:38,37.523706,127.127714,-101,-13
2025-11-08 14:10:39,37.523715,127.127718,-91,-12
2025-11-08 14:10:40,37.523724,127.127722,-106,-8
2025-11-08 14:10:41,37.523751,127.127659,-102,-12
2025-11-08 14:10:42,37.523777,127.127596,-88,-12
2025-11-08 14:10:43,37.523804,127.127534,-101,-8
2025-11-08 14:10:44,37.523831,127.127471,-99,-13
2025-11-08 14:10:45,37.523858,127.127408,-109,-13
2025-11-08 14:10:46,37.523884,127.127345,-83,-7
2025-11-08 14:10:47,37.523911,127.127282,-88,-9
2025-11-08 14:10:48,37.523938,127.12722,-105,-6
2025-11-08 14:10:49,37.523964,127.127157,-86,-12
2025-11-08 14:10:50,37.523991,127.127094,-84,-7
2025-11-08 14:10:51,37.524018,127.127031,-85,-7
2025-11-08 14:10:52,37.524045,127.126969,-93,-14
2025-11-08 14:10:53,37.524071,127.126906,-83,-12
2025-11-08 14:10:54,37.524098,127.126843,-105,-9
2025-11-08 14:10:55,37.524125,127.12678,-93,-6
2025-11-08 14:10:56,37.524151,127.126717,-84,-6
2025-11-08 14:10:57,37.524178,127.126655,-95,-10
2025-11-08 14:10:58,37.524205,127.126592,-101,-13
2025-11-08 14:10:59,37.524232,127.126529,-95,-13
2025-11-08 14:11:00,37.524258,127.126466,-100,-12
2025-11-08 14:11:01,37.524285,127.126403,-88,-10
2025-11-08 14:11:02,37.524312,127.126341,-108,-9
2025-11-08 14:11:03,37.524338,127.126278,-91,-13
2025-11-08 14:11:04,37.524365,127.126215,-99,-10
2025-11-08 14:11:05,37.524392,127.126152,-100,-13
2025-11-08 14:11:06,37.524419,127.12609,-91,-11
2025-11-08 14:11:07,37.524445,127.126027,-83,-13
2025-11-08 14:11:08,37.524472,127.125964,-105,-7
2025-11-08 14:11:09,37.524499,127.125901,-84,-13
2025-11-08 14:11:10,37.524525,127.125838,-80,-12
2025-11-08 14:11:11,37.524552,127.125776,-94,-6
2025-11-08 14:11:12,37.524579,127.125713,-92,-14
2025-11-08 14:11:13,37.524606,127.12565,-90,-13
2025-11-08 14:11:14,37.524632,127.125587,-87,-11
2025-11-08 14:11:15,37.524659,127.125524,-101,-11
2025-11-08 14:11:16,37.524686,127.125462,-106,-9
2025-11-08 14:11:17,37.524712,127.125399,-108,-12
2025-11-08 14:11:18,37.524739,127.125336,-85,-11
2025-11-08 14:11:19,37.524766,127.125273,-99,-13
2025-11-08 14:11:20,37.524793,127.125211,-83,-13
2025-11-08 14:11:21,37.524819,127.125148,-84,-11
2025-11-08 14:11:22,37.524846,127.125085,-104,-7
2025-11-08 14:11:23,37.524873,127.125022,-88,-10
2025-11-08 14:11:24,37.524899,127.124959,-82,-12
2025-11-08 14:11:25,37.524926,127.124897,-80,-6
2025-11-08 14:11:26,37.524953,127.124834,-96,-14
2025-11-08 14:11:27,37.524979,127.124771,-104,-10
2025-11-08 14:11:28,37.525006,127.124708,-106,-12
2025-11-08 14:11:29,37.525033,127.124645,-97,-10
2025-11-08 14:11:30,37.52506,127.124583,-83,-6
2025-11-08 14:11:31,37.525086,127.12452,-94,-14
2025-11-08 14:11:32,37.525113,127.124457,-110,-13
2025-11-08 14:11:33,37.52514,127.124394,-110,-13
2025-11-08 14:11:34,37.525166,127.124331,-85,-7
2025-11-08 14:11:35,37.525193,127.124269,-89,-7
2025-11-08 14:11:36,37.52522,127.124206,-91,-12
2025-11-08 14:11:37,37.525247,127.124143,-107,-6
2025-11-08 14:11:38,37.525273,127.12408,-86,-8
2025-11-08 14:11:39,37.5253,127.124018,-108,-9
2025-11-08 14:11:40,37.525327,127.123955,-107,-9
2025-11-08 14:11:41,37.525353,127.123892,-103,-9
2025-11-08 14:11:42,37.52538,127.123829,-103,-14
2025-11-08 14:11:43,37.525407,127.123766,-105,-9
2025-11-08 14:11:44,37.525434,127.123704,-89,-8
2025-11-08 14:11:45,37.52546,127.123641,-99,-10
2025-11-08 14:11:46,37.525487,127.123578,-101,-9
2025-11-08 14:11:47,37.525514,127.123515,-97,-10
2025-11-08 14:11:48,37.52554,127.123452,-105,-7
2025-11-08 14:11:49,37.525567,127.12339,-101,-14
2025-11-08 14:11:50,37.525594,127.123327,-105,-10
2025-11-08 14:11:51,37.525621,127.123264,-108,-10
2025-11-08 14:11:52,37.525647,127.123201,-98,-12
2025-11-08 14:11:53,37.525674,127.123139,-99,-7
2025-11-08 14:11:54,37.525701,127.123076,-95,-11
2025-11-08 14:11:55,37.525727,127.123013,-91,-9
2025-11-08 14:11:56,37.525754,127.12295,-95,-6
2025-11-08 14:11:57,37.525781,127.122887,-107,-11
2025-11-08 14:11:58,37.525808,127.122825,-105,-10
2025-11-08 14:11:59,37.525834,127.122762,-110,-10
2025-11-08 14:12:00,37.525861,127.122699,-91,-9
2025-11-08 14:12:01,37.525862,127.122653,-81,-7
2025-11-08 14:12:02,37.525863,127.122608,-97,-14
2025-11-08 14:12:03,37.525864,127.122562,-101,-9
2025-11-08 14:12:04,37.525865,127.122516,-97,-9
2025-11-08 14:12:05,37.525865,127.12247,-82,-13
2025-11-08 14:12:06,37.525866,127.122424,-110,-8
2025-11-08 14:12:07,37.525867,127.122379,-105,-14
2025-11-08 14:12:08,37.525868,127.122333,-103,-8
2025-11-08 14:12:09,37.525869,127.122287,-110,-7
2025-11-08 14:12:10,37.52587,127.122242,-98,-13
2025-11-08 14:12:11,37.525871,127.122196,-92,-6
2025-11-08 14:12:12,37.525872,127.12215,-106,-6
2025-11-08 14:12:13,37.525873,127.122104,-85,-10
2025-11-08 14:12:14,37.525873,127.122058,-104,-10
2025-11-08 14:12:15,37.525874,127.122013,-101,-10
2025-11-08 14:12:16,37.525875,127.121967,-109,-13
2025-11-08 14:12:17,37.525876,127.121921,-109,-10
2025-11-08 14:12:18,37.525877,127.121876,-109,-14
2025-11-08 14:12:19,37.525878,127.12183,-95,-11
2025-11-08 14:12:20,37.525879,127.121784,-89,-9
2025-11-08 14:12:21,37.52588,127.121738,-99,-11
2025-11-08 14:12:22,37.525881,127.121692,-82,-9
2025-11-08 14:12:23,37.525881,127.121647,-108,-9
2025-11-08 14:12:24,37.525882,127.121601,-110,-9
2025-11-08 14:12:25,37.525883,127.121555,-101,-9
2025-11-08 14:12:26,37.525884,127.12151,-102,-14
2025-11-08 14:12:27,37.525885,127.121464,-96,-10
2025-11-08 14:12:28,37.525886,127.121418,-101,-6
2025-11-08 14:12:29,37.525887,127.121372,-92,-8
2025-11-08 14:12:30,37.525888,127.121326,-97,-7
2025-11-08 14:12:31,37.525889,127.121281,-88,-11
2025-11-08 14:12:32,37.525889,127.121235,-99,-9
2025-11-08 14:12:33,37.52589,127.121189,-93,-10
2025-11-08 14:12:34,37.525891,127.121144,-104,-11
2025-11-08 14:12:35,37.525892,127.121098,-82,-6
2025-11-08 14:12:36,37.525893,127.121052,-102,-8
2025-11-08 14:12:37,37.525894,127.121006,-91,-12
2025-11-08 14:12:38,37.525895,127.12096,-85,-10
2025-11-08 14:12:39,37.525896,127.120915,-83,-10
2025-11-08 14:12:40,37.525897,127.120869,-96,-8
2025-11-08 14:12:41,37.525897,127.120823,-96,-6
2025-11-08 14:12:42,37.525898,127.120778,-83,-7
2025-11-08 14:12:43,37.525899,127.120732,-93,-8
2025-11-08 14:12:44,37.5259,127.120686,-85,-9
2025-11-08 14:12:45,37.525901,127.12064,-95,-7
2025-11-08 14:12:46,37.525902,127.120594,-106,-7
2025-11-08 14:12:47,37.525903,127.120549,-107,-13
2025-11-08 14:12:48,37.525904,127.120503,-110,-10
2025-11-08 14:12:49,37.525904,127.120457,-102,-12
2025-11-08 14:12:50,37.525905,127.120412,-101,-9
2025-11-08 14:12:51,37.525906,127.120366,-110,-6
2025-11-08 14:12:52,37.525907,127.12032,-99,-10
2025-11-08 14:12:53,37.525908,127.120274,-80,-11
2025-11-08 14:12:54,37.525909,127.120228,-90,-10
2025-11-08 14:12:55,37.52591,127.120183,-91,-6
2025-11-08 14:12:56,37.525911,127.120137,-85,-9
2025-11-08 14:12:57,37.525912,127.120091,-82,-6
2025-11-08 14:12:58,37.525912,127.120046,-92,-10
2025-11-08 14:12:59,37.525913,127.12,-104,-13
2025-11-08 14:13:00,37.525914,127.119954,-105,-13
2025-11-08 14:13:01,37.525915,127.119908,-82,-8
2025-11-08 14:13:02,37.525916,127.119862,-98,-9
2025-11-08 14:13:03,37.525917,127.119817,-110,-14
2025-11-08 14:13:04,37.525918,127.119771,-90,-13
2025-11-08 14:13:05,37.525919,127.119725,-108,-13
2025-11-08 14:13:06,37.52592,127.11968,-85,-11
2025-11-08 14:13:07,37.52592,127.119634,-101,-9
2025-11-08 14:13:08,37.525921,127.119588,-107,-6
2025-11-08 14:13:09,37.525922,127.119542,-90,-8
2025-11-08 14:13:10,37.525923,127.119496,-85,-8
2025-11-08 14:13:11,37.525924,127.119451,-90,-6
2025-11-08 14:13:12,37.525925,127.119405,-87,-9
2025-11-08 14:13:13,37.525926,127.119359,-93,-8
2025-11-08 14:13:14,37.525927,127.119314,-98,-11
2025-11-08 14:13:15,37.525928,127.119268,-103,-11
2025-11-08 14:13:16,37.525928,127.119222,-81,-12
2025-11-08 14:13:17,37.525929,127.119176,-97,-7
2025-11-08 14:13:18,37.52593,127.11913,-90,-9
2025-11-08 14:13:19,37.525931,127.119085,-100,-8
